{"minzoom":0,"maxzoom":8,"center":[-61.240429,15.64078,8.0],"bounds":[-61.482655,15.207241,-61.240429,15.64078]}