{"minzoom":0,"maxzoom":9,"center":[-61.482655,15.622757,9.0],"bounds":[-61.482655,15.207241,-61.240429,15.64078]}